id,calendar_id,summary,description,location,start,end,all_day,status,creator,organizer,recurrence,visibility
evt_rodriguez_001,cal_primary_001,Rodriguez Quinceanera Setup - Emerald Hall,Full event coordination and setup for Mariana Rodriguez quinceañera. Priority items: head table linens and centerpieces. Approved decor theme Modern Elegance with gold burgundy ivory palette.,Emerald Hall,2026-10-17T12:00:00,2026-10-17T23:00:00,false,confirmed,admin@emeraldhall.com,mariana.rodriguez@family.com,,default
evt_setup_001,cal_primary_001,Emerald Hall Venue Setup Window,Setup access and preparation window for Rodriguez event,Emerald Hall,2026-10-17T10:00:00,2026-10-17T12:00:00,false,confirmed,chris@eventco.com,chris@eventco.com,,default
evt_walkthrough_001,cal_primary_001,Emerald Hall Walkthrough - Rodriguez Quinceañera,Venue walkthrough with Rodriguez family and vendor coordination,Emerald Hall,2026-10-03T14:00:00,2026-10-03T15:30:00,false,confirmed,venue.contact@emeraldhall.com,mariana.rodriguez@family.com,,default
evt_helper_001,cal_primary_001,Sofia Available for Event Setup,Sofia available to assist with event setup and decoration after nursing lab,Emerald Hall,2026-10-17T15:45:00,2026-10-17T18:15:00,false,confirmed,chris@eventco.com,sofia.murray@univ.edu,RRULE:FREQ=ONCE,default
evt_old_quince_001,cal_primary_001,Rodriguez Quinceanera - Tentative,Tentative booking - awaiting final confirmation,Emerald Hall,2026-10-17T12:00:00,2026-10-17T22:00:00,false,tentative,mariana.rodriguez@family.com,mariana.rodriguez@family.com,,default
evt_old_event_001,cal_primary_001,Hotel Management Conference,Prior month conference - unrelated to Rodriguez event,Las Vegas Convention Center,2026-09-10T08:00:00,2026-09-10T17:00:00,false,confirmed,conf.organizer@lvcc.com,conf.organizer@lvcc.com,,default
evt_wrong_period_001,cal_primary_001,Vendor Demo - Table Linens,Vendor showcase for table linen options from August 2026,Hotel Ballroom,2026-08-22T10:00:00,2026-08-22T12:00:00,false,confirmed,vendor@tablelinens.com,vendor@tablelinens.com,,default
evt_cancelled_helper_001,cal_primary_001,Helper Availability Block,CANCELLED - originally held for event prep,Location TBD,2026-10-17T14:00:00,2026-10-17T16:00:00,false,cancelled,chris@eventco.com,chris@eventco.com,,default
evt_hotel_shift_001,cal_work_001,Hotel Shift - Housekeeping,Regular weekday housekeeping shift,Hotel Main,2026-10-17T06:00:00,2026-10-17T14:30:00,false,confirmed,gerald.patterson@hotel.com,chris@eventco.com,RRULE:FREQ=WEEKLY;BYDAY=MO,TU,WE,TH,FR,private
evt_mass_001,cal_parish_001,Sunday Mass,Weekly Sunday Mass at Our Lady of Las Vegas,Our Lady of Las Vegas Church,2026-10-10T10:00:00,2026-10-10T11:15:00,false,confirmed,fr.frank@parish.org,fr.frank@parish.org,RRULE:FREQ=WEEKLY;BYDAY=SU,default
evt_rosa_call_001,cal_primary_001,Weekly Call with Rosa,Sunday family video call with mother,Home,2026-10-11T12:00:00,2026-10-11T13:00:00,false,confirmed,chris@eventco.com,chris@eventco.com,RRULE:FREQ=WEEKLY;BYDAY=SU,private
evt_fuentes_event_001,cal_primary_001,Camila Fuentes Quinceanera,Upcoming quinceañera event in November,Las Palmas Banquet Hall,2026-11-14T13:00:00,2026-11-14T23:00:00,false,tentative,camila.fuentes@family.com,camila.fuentes@family.com,,default
evt_halloween_001,cal_primary_001,Neighborhood Block Party,Halloween party at apartment complex pool,Apartment Complex Pool,2026-10-31T18:00:00,2026-10-31T21:00:00,false,confirmed,activities@apartmentcomplex.com,activities@apartmentcomplex.com,,default
evt_retail_001,cal_primary_001,Grocery Shopping,Routine household task,Safeway,2026-10-14T16:00:00,2026-10-14T17:30:00,false,confirmed,chris@eventco.com,chris@eventco.com,,private
evt_dentist_001,cal_primary_001,Miguel Dentist Appointment,Son's routine dental checkup,Crestview Dental,2026-10-16T14:00:00,2026-10-16T15:00:00,false,confirmed,crestview.dental@clinic.com,crestview.dental@clinic.com,,private
evt_vehicle_001,cal_primary_001,Car Maintenance Scheduled,Vehicle oil change and inspection,Local Auto Repair,2026-10-12T09:00:00,2026-10-12T11:00:00,false,confirmed,service@autorepair.local,chris@eventco.com,,private
evt_school_001,cal_primary_001,Isabella Dance Recital Rehearsal,Daughter's winter dance recital preparation,Crestview High School,2026-10-13T16:30:00,2026-10-13T18:00:00,false,confirmed,choreography@crestview.hs,isabella.murray@crestview.hs,,private
evt_budget_review_001,cal_primary_001,Month-End Business Review,Event business financial reconciliation,Home,2026-10-01T17:00:00,2026-10-01T18:30:00,false,confirmed,chris@eventco.com,chris@eventco.com,RRULE:FREQ=MONTHLY;BYMONTHDAY=1,private
evt_vendor_call_001,cal_primary_001,Decorator Consultation Call,Phone call with Mary Jensen - choreographer,Phone,2026-10-02T15:00:00,2026-10-02T16:00:00,false,confirmed,mary.jensen@choreography.co,chris@eventco.com,,default
evt_distractor_001,cal_primary_001,Coffee with Yolanda,Casual meetup with Yolanda Reynolds,Downtown Coffee Shop,2026-10-09T10:00:00,2026-10-09T11:30:00,false,confirmed,chris@eventco.com,chris@eventco.com,,private
evt_distractor_002,cal_primary_001,Car Pool - Sofia School,Regular school transportation for Sofia,Crestview High School,2026-10-06T14:30:00,2026-10-06T15:00:00,false,confirmed,chris@eventco.com,chris@eventco.com,RRULE:FREQ=WEEKLY;BYDAY=TU,TH,private
evt_distractor_003,cal_primary_001,Library Book Return,Routine household errand,Las Vegas Public Library,2026-10-08T14:00:00,2026-10-08T14:30:00,false,confirmed,chris@eventco.com,chris@eventco.com,,private
evt_distractor_004,cal_primary_001,Miguel Piano Lesson,Son's weekly piano instruction,Music Academy,2026-10-15T17:00:00,2026-10-15T18:00:00,false,confirmed,music.academy@instruction.com,chris@eventco.com,,private
evt_distractor_005,cal_primary_001,Parish Finance Committee,Monthly church finance meeting,Parish Office,2026-10-05T19:00:00,2026-10-05T20:30:00,false,confirmed,fr.frank@parish.org,fr.frank@parish.org,,private
evt_distractor_006,cal_primary_001,Laundry and House Cleaning,Household maintenance task,Home,2026-10-11T10:00:00,2026-10-11T12:00:00,false,confirmed,chris@eventco.com,chris@eventco.com,,private
evt_distractor_007,cal_primary_001,Sofia Homework Check-in,Routine family task,Home,2026-10-16T18:30:00,2026-10-16T19:00:00,false,confirmed,chris@eventco.com,chris@eventco.com,,private
evt_distractor_008,cal_primary_001,Church Volunteer - Food Bank,Parish community service,Parish Food Bank,2026-10-04T09:00:00,2026-10-04T12:00:00,false,confirmed,fr.frank@parish.org,fr.frank@parish.org,,private
evt_distractor_009,cal_primary_001,Miguel's Soccer Game,Son's sports activity,Central Park Sports Complex,2026-10-18T17:00:00,2026-10-18T18:30:00,false,confirmed,sports.complex@parks.com,chris@eventco.com,,private
evt_distractor_010,cal_primary_001,Isabella School Project Meeting,Daughter's class project coordination,Crestview High School,2026-10-07T15:30:00,2026-10-07T16:30:00,false,confirmed,crestview.hs@school.org,isabella.murray@crestview.hs,,private
